{"publisher": {"mbox": "info@ons.gsi.gov.uk", "name": "Office for National Statistics"}, "landingPage": "http://web.ons.gov.uk/ons/data/dataset-finder/-/q/dcDetails/Economic/ABS14?p_auth=Fm6vhNuc&p_p_lifecycle=1&_FOFlow1_WAR_FOFlow1portlet_dataset_navigation=datasetCollectionDetails", "description": "The Annual Business Survey (ABS) collects financial information for Parts of Agriculture (includes agricultural support services and hunting and trapping only), Forestry and Fishing, Production (includes manufacturing, oil and gas extraction, energy generation and supply), Construction, Distribution (includes retail, wholesale and motor trades) and Non-Financial Services (includes professional, scientific, communication, administrative, transport, accommodation and food, private health and education, entertainment services).&nbsp; Together these industries represent the UK Non-Financial Business Economy and account for around two thirds of the whole economy of the UK in terms of Gross Value Added. Public administration and defence, public sector health and education, finance and farming make up the difference between the UK Non-Financial Business Economy and the whole economy.", "license": "http://www.nationalarchives.gov.uk/doc/open-government-licence/version/2/", "title": "Annual Business Survey", "issued": "2016-09-22", "temporal": "", "modified": "", "language": "http://id.loc.gov/vocabulary/iso639-1/en", "theme": "", "frequency": "", "references": "http://web.ons.gov.uk/ons/data/dataset-finder/-/q/dcDetails/Economic/ABS14?p_auth=Fm6vhNuc&p_p_lifecycle=1&_FOFlow1_WAR_FOFlow1portlet_dataset_navigation=datasetCollectionDetails", "keyword": ["Employment", "Number of enterprises", "SIC07ABS", "UK Business Value", "2011 Statistical Geography Hierarchy"], "spatial": "UK", "distribution": "http://web.ons.gov.uk/ons/data/dataset-finder/-/q/dcDetails/Economic/ABS14?p_auth=Fm6vhNuc&p_p_lifecycle=1&_FOFlow1_WAR_FOFlow1portlet_dataset_navigation=datasetCollectionDetails", "identifier": "ABS14"}