{"publisher": {"mbox": "info@ons.gsi.gov.uk", "name": "Office for National Statistics"}, "landingPage": "http://web.ons.gov.uk/ons/data/dataset-finder/-/q/dcDetails/Economic/MQ5AAL?p_auth=Fm6vhNuc&p_p_lifecycle=1&_FOFlow1_WAR_FOFlow1portlet_dataset_navigation=datasetCollectionDetails", "description": "The dataset contains estimates of assets and liabilities held by insurance companies, self-administered pension funds, investment trusts, unit trusts and property unit trusts. Other datasets contain information on quarterly <a href=\"http://www.ons.gov.uk/ons/data/web/explorer/dataset-finder/-/q/dcDetails/Economic/MQ5QNI\">net investment</a>, <a href=\"http://www.ons.gov.uk/ons/data/web/explorer/dataset-finder/-/q/dcDetails/Economic/MQ5QAD\">acquisitions and disposals</a>, and&nbsp;<a href=\"http://www.ons.gov.uk/ons/data/web/explorer/dataset-finder/-/q/dcDetails/Economic/MQ5QH\">holdings and amounts outstanding</a>. This dataset provides annual estimates, where available, from 2007. All data are reported at current prices (effects of price changes included).\tThis dataset complements the commentary and data tables provided in the quarterly statistical bulletin <a href=\"http://www.ons.gov.uk/ons/rel/fi/mq5--investment-by-insurance-companies--pension-funds-and-trusts/index.html\">MQ5: Investment by insurance companies, pension funds and trusts</a>.", "license": "http://www.nationalarchives.gov.uk/doc/open-government-licence/version/2/", "title": "Assets and liabilities of insurance companies, pension funds and trusts", "issued": "2015-12-17", "temporal": "", "modified": "", "language": "http://id.loc.gov/vocabulary/iso639-1/en", "theme": "", "frequency": "", "references": "http://web.ons.gov.uk/ons/data/dataset-finder/-/q/dcDetails/Economic/MQ5AAL?p_auth=Fm6vhNuc&p_p_lifecycle=1&_FOFlow1_WAR_FOFlow1portlet_dataset_navigation=datasetCollectionDetails", "keyword": ["Financial Instrument Category", "Institutional Group", "2011 Statistical Geography Hierarchy"], "spatial": "UK", "distribution": "http://web.ons.gov.uk/ons/data/dataset-finder/-/q/dcDetails/Economic/MQ5AAL?p_auth=Fm6vhNuc&p_p_lifecycle=1&_FOFlow1_WAR_FOFlow1portlet_dataset_navigation=datasetCollectionDetails", "identifier": "MQ5AAL"}