{"publisher": {"mbox": "info@ons.gsi.gov.uk", "name": "Office for National Statistics"}, "landingPage": "http://web.ons.gov.uk/ons/data/dataset-finder/-/q/dcDetails/Economic/ASHE07E?p_auth=Fm6vhNuc&p_p_lifecycle=1&_FOFlow1_WAR_FOFlow1portlet_dataset_navigation=datasetCollectionDetails", "description": "This dataset contains earnings estimates for UK employees by sex and employment status (full-time/part-time) by work-based region to Local Authority level. The data are available for the following variables: gross weekly pay, weekly pay excluding overtime, basic pay including other pay, overtime pay, gross hourly pay, hourly pay excluding overtime, gross annual pay and annual incentive pay. The earnings information presented relates to pay before tax, National Insurance or other deductions.\tThese National Statistics are produced to high professional standards and released according to the arrangements approved by the UK Statistics Authority.\tThe Annual Survey of Hours and Earnings (ASHE) provides information about the levels, distribution and make-up of earnings and hours worked for employees in all industries and occupations. ASHE is based on a 1% sample of employee jobs taken from HM Revenue &amp; Customs (HMRC) Pay As You Earn (PAYE) records. Information on earnings and hours is obtained from employers and treated confidentially. ASHE does not cover the self-employed nor does it cover employees not paid during the reference period.\t<a href=\"http://www.ons.gov.uk/ons/guide-method/method-quality/specific/labour-market/annual-survey-of-hours-and-earnings/index.html\">Further information</a> is available on the ONS website.", "license": "http://www.nationalarchives.gov.uk/doc/open-government-licence/version/2/", "title": "Earnings by place of work", "issued": "2015-12-02", "temporal": "", "modified": "", "language": "http://id.loc.gov/vocabulary/iso639-1/en", "theme": "", "frequency": "", "references": "http://web.ons.gov.uk/ons/data/dataset-finder/-/q/dcDetails/Economic/ASHE07E?p_auth=Fm6vhNuc&p_p_lifecycle=1&_FOFlow1_WAR_FOFlow1portlet_dataset_navigation=datasetCollectionDetails", "keyword": ["Annual Percentage Change", "Earnings", "Earnings Statistics", "Indicative number of jobs", "Sex", "Working Pattern", "2013 Administrative Hierarchy"], "spatial": "UK", "distribution": "http://web.ons.gov.uk/ons/data/dataset-finder/-/q/dcDetails/Economic/ASHE07E?p_auth=Fm6vhNuc&p_p_lifecycle=1&_FOFlow1_WAR_FOFlow1portlet_dataset_navigation=datasetCollectionDetails", "identifier": "ASHE07E"}