{"publisher": {"mbox": "info@ons.gsi.gov.uk", "name": "Office for National Statistics"}, "landingPage": "http://web.ons.gov.uk/ons/data/dataset-finder/-/q/dcDetails/Economic/UKBABa?p_auth=Fm6vhNuc&p_p_lifecycle=1&_FOFlow1_WAR_FOFlow1portlet_dataset_navigation=datasetCollectionDetails", "description": "<p style=\"font-family: Tahoma, sans-serif; font-size: 13px;\">\tThis dataset is compiled from the Inter Departmental Business Register (IDBR) which contains information on VAT traders and PAYE employers in a statistical register. The dataset contains data on enterprise/local units, which are broken down by 2 digit SIC with employment size band and regions of the UK.<p style=\"font-family: Tahoma, sans-serif; font-size: 13px;\">\tKey figures are released in a statistical bulletin.", "license": "http://www.nationalarchives.gov.uk/doc/open-government-licence/version/2/", "title": "Enterprise/local units by 2 Digit SIC, Employment size band and Region", "issued": "2015-10-06", "temporal": "", "modified": "", "language": "http://id.loc.gov/vocabulary/iso639-1/en", "theme": "", "frequency": "", "references": "http://web.ons.gov.uk/ons/data/dataset-finder/-/q/dcDetails/Economic/UKBABa?p_auth=Fm6vhNuc&p_p_lifecycle=1&_FOFlow1_WAR_FOFlow1portlet_dataset_navigation=datasetCollectionDetails", "keyword": ["Employment size band", "SIC07", "2013 Administrative Hierarchy"], "spatial": "Region", "distribution": "http://web.ons.gov.uk/ons/data/dataset-finder/-/q/dcDetails/Economic/UKBABa?p_auth=Fm6vhNuc&p_p_lifecycle=1&_FOFlow1_WAR_FOFlow1portlet_dataset_navigation=datasetCollectionDetails", "identifier": "UKBABa"}