{"publisher": {"mbox": "info@ons.gsi.gov.uk", "name": "Office for National Statistics"}, "landingPage": "http://web.ons.gov.uk/ons/data/dataset-finder/-/q/dcDetails/Economic/ILCHLEVEL?p_auth=Fm6vhNuc&p_p_lifecycle=1&_FOFlow1_WAR_FOFlow1portlet_dataset_navigation=datasetCollectionDetails", "description": "<div>\tThe Index of Labour Costs per Hour (ILCH) is a measure of the cost of having an employee for an hour of work. Labour costs consist primarily of employee earnings, but also include non-wage costs: employer social contributions, maternity, paternity and sick pay and benefits in kind.</div><div>\t&nbsp;</div><div>\tTwo data types are produced: index level and growth rates. The index levels are based to year 2000 and growth is measured quarterly (SA only) and annually (NSA and SA).</div><div>\t&nbsp;</div><div>\tMore information is available from this <a href=\"http://www.ons.gov.uk/ons/rel/ilch/index-of-labour-costs-per-hour--experimental-/q4-2014/stb-ilch-q4-2014.html#tab-background-notes\">link</a>.</div>", "license": "http://www.nationalarchives.gov.uk/doc/open-government-licence/version/2/", "title": "Index of Labour Costs per Hour - Level", "issued": "2016-09-16", "temporal": "", "modified": "", "language": "http://id.loc.gov/vocabulary/iso639-1/en", "theme": "", "frequency": "", "references": "http://web.ons.gov.uk/ons/data/dataset-finder/-/q/dcDetails/Economic/ILCHLEVEL?p_auth=Fm6vhNuc&p_p_lifecycle=1&_FOFlow1_WAR_FOFlow1portlet_dataset_navigation=datasetCollectionDetails", "keyword": ["Costs", "SIC", "2011 Statistical Geography Hierarchy", "Seasonally Adjusted", "Non-Seasonally Adjusted"], "spatial": "UK", "distribution": "http://web.ons.gov.uk/ons/data/dataset-finder/-/q/dcDetails/Economic/ILCHLEVEL?p_auth=Fm6vhNuc&p_p_lifecycle=1&_FOFlow1_WAR_FOFlow1portlet_dataset_navigation=datasetCollectionDetails", "identifier": "ILCHLEVEL"}