{"publisher": {"mbox": "info@ons.gsi.gov.uk", "name": "Office for National Statistics"}, "landingPage": "http://web.ons.gov.uk/ons/data/dataset-finder/-/q/dcDetails/Economic/OPSSR01?p_auth=Fm6vhNuc&p_p_lifecycle=1&_FOFlow1_WAR_FOFlow1portlet_dataset_navigation=datasetCollectionDetails", "description": "The dataset shows average contribution rates to pension schemes in the private sector, estimated from the Occupational Pension Schemes Survey. OPSS is an annual survey of occupational (trust -based) pension schemes.\tKey figures are released in a <a href=\"http://www.ons.gov.uk/peoplepopulationandcommunity/personalandhouseholdfinances/pensionssavingsandinvestments/bulletins/occupationalpensionschemessurvey/previousReleases\">statistical bulletin</a>. &nbsp;Users of this information should refer to the statistical bulletin reference tables for information relating to the comparability of data over time.\t&nbsp;", "license": "http://www.nationalarchives.gov.uk/doc/open-government-licence/version/2/", "title": "Occupational Pension Schemes - Contribution Rates", "issued": "2016-09-22", "temporal": "", "modified": "", "language": "http://id.loc.gov/vocabulary/iso639-1/en", "theme": "", "frequency": "", "references": "http://web.ons.gov.uk/ons/data/dataset-finder/-/q/dcDetails/Economic/OPSSR01?p_auth=Fm6vhNuc&p_p_lifecycle=1&_FOFlow1_WAR_FOFlow1portlet_dataset_navigation=datasetCollectionDetails", "keyword": ["Benefit type", "Contributor", "Scheme Membership Size Band", "2011 Statistical Geography Hierarchy"], "spatial": "UK", "distribution": "http://web.ons.gov.uk/ons/data/dataset-finder/-/q/dcDetails/Economic/OPSSR01?p_auth=Fm6vhNuc&p_p_lifecycle=1&_FOFlow1_WAR_FOFlow1portlet_dataset_navigation=datasetCollectionDetails", "identifier": "OPSSR01"}