{"publisher": {"mbox": "info@ons.gsi.gov.uk", "name": "Office for National Statistics"}, "landingPage": "http://web.ons.gov.uk/ons/data/dataset-finder/-/q/dcDetails/Economic/OCTYPE?p_auth=Fm6vhNuc&p_p_lifecycle=1&_FOFlow1_WAR_FOFlow1portlet_dataset_navigation=datasetCollectionDetails", "description": "Output is defined as the amount chargeable to customers for building and civil engineering work done in the relevant period excluding VAT. As well as work charged to customers, businesses are asked to include the value of work done on their own initiative on buildings such as dwellings or offices for eventual sale or lease, and of work done by their own operatives on the construction and maintenance of their own premises. The value of goods made by businesses themselves and used in the work is also included.\tIn all returns, work done by sub-contractors is excluded to avoid double counting, since sub-contractors are also sampled. Output does not include payments made to architects or consultants from other firms \u00e2\u0080\u0093 this would also cover engineers and surveyors. It would include wages paid to such people if they were directly employed by the business.", "license": "http://www.nationalarchives.gov.uk/doc/open-government-licence/version/2/", "title": "Output in the Construction Industry Type of Work", "issued": "2016-09-09", "temporal": "", "modified": "", "language": "http://id.loc.gov/vocabulary/iso639-1/en", "theme": "", "frequency": "", "references": "http://web.ons.gov.uk/ons/data/dataset-finder/-/q/dcDetails/Economic/OCTYPE?p_auth=Fm6vhNuc&p_p_lifecycle=1&_FOFlow1_WAR_FOFlow1portlet_dataset_navigation=datasetCollectionDetails", "keyword": ["2011 Statistical Geography Hierarchy"], "spatial": "GB", "distribution": "http://web.ons.gov.uk/ons/data/dataset-finder/-/q/dcDetails/Economic/OCTYPE?p_auth=Fm6vhNuc&p_p_lifecycle=1&_FOFlow1_WAR_FOFlow1portlet_dataset_navigation=datasetCollectionDetails", "identifier": "OCTYPE"}