{"publisher": {"mbox": "info@ons.gsi.gov.uk", "name": "Office for National Statistics"}, "landingPage": "http://web.ons.gov.uk/ons/data/dataset-finder/-/q/dcDetails/Economic/OCGROWTH?p_auth=Fm6vhNuc&p_p_lifecycle=1&_FOFlow1_WAR_FOFlow1portlet_dataset_navigation=datasetCollectionDetails", "description": "Construction output estimates are a short-term indicator of construction output by the private sector and public corporations within Great Britain and are produced from a monthly survey of 8,000 businesses in Great Britain. The estimates are produced and published at current prices (including inflationary price effects) and at chained volume estimates (with inflationary effects removed) both seasonally adjusted and non-seasonally adjusted.&nbsp; Construction output is used in the compilation of the output approach to measuring gross domestic product (GDP).", "license": "http://www.nationalarchives.gov.uk/doc/open-government-licence/version/2/", "title": "Output in the Construction Industry Growth Rates", "issued": "2016-09-09", "temporal": "", "modified": "", "language": "http://id.loc.gov/vocabulary/iso639-1/en", "theme": "", "frequency": "", "references": "http://web.ons.gov.uk/ons/data/dataset-finder/-/q/dcDetails/Economic/OCGROWTH?p_auth=Fm6vhNuc&p_p_lifecycle=1&_FOFlow1_WAR_FOFlow1portlet_dataset_navigation=datasetCollectionDetails", "keyword": ["Construction Sectors", "Growth", "2011 Statistical Geography Hierarchy"], "spatial": "GB", "distribution": "http://web.ons.gov.uk/ons/data/dataset-finder/-/q/dcDetails/Economic/OCGROWTH?p_auth=Fm6vhNuc&p_p_lifecycle=1&_FOFlow1_WAR_FOFlow1portlet_dataset_navigation=datasetCollectionDetails", "identifier": "OCGROWTH"}