{"publisher": {"mbox": "info@ons.gsi.gov.uk", "name": "Office for National Statistics"}, "landingPage": "http://web.ons.gov.uk/ons/data/dataset-finder/-/q/dcDetails/Economic/OTTAREA?p_auth=Fm6vhNuc&p_p_lifecycle=1&_FOFlow1_WAR_FOFlow1portlet_dataset_navigation=datasetCollectionDetails", "description": "This explorable dataset presents data from the June 2015 Overseas Travel and Tourism release. This dataset brings together&nbsp;data from Table 1 - Overseas residents' visits to the UK by month and Table 3 - UK&nbsp; residents' visits abroad by month.\tIt is a pilot format being served to users to help gain important insight into the value of offering data in more open formats.\tTwo other datasets are available:\t<a href=\"http://www.ons.gov.uk/ons/data/web/explorer/dataset-finder/-/q/dcDetails/Economic/OTTPURP?p_p_lifecycle=1&amp;_FOFlow1_WAR_FOFlow1portlet_dataset_navigation=datasetCollectionDetails\">A combined version of&nbsp;Table 2 - Purpose of overseas residents' visits to the UK by month and&nbsp;Table 4 - Purpose of UK residents' visits abroad by month.</a>\t<a href=\"http://www.ons.gov.uk/ons/data/web/explorer/dataset-finder/-/q/dcDetails/Economic/OTTEARN?p_p_lifecycle=1&amp;_FOFlow1_WAR_FOFlow1portlet_dataset_navigation=datasetCollectionDetails\">A&nbsp;version of Table 5 - Earnings in the UK and expenditure abroad by month.</a>", "license": "http://www.nationalarchives.gov.uk/doc/open-government-licence/version/2/", "title": "Overseas Travel and Tourism - Visits to and from the UK", "issued": "2015-10-15", "temporal": "", "modified": "", "language": "http://id.loc.gov/vocabulary/iso639-1/en", "theme": "", "frequency": "", "references": "http://web.ons.gov.uk/ons/data/dataset-finder/-/q/dcDetails/Economic/OTTAREA?p_auth=Fm6vhNuc&p_p_lifecycle=1&_FOFlow1_WAR_FOFlow1portlet_dataset_navigation=datasetCollectionDetails", "keyword": ["Geography", "Month", "2011 Statistical Geography Hierarchy", "Travel"], "spatial": "UK", "distribution": "http://web.ons.gov.uk/ons/data/dataset-finder/-/q/dcDetails/Economic/OTTAREA?p_auth=Fm6vhNuc&p_p_lifecycle=1&_FOFlow1_WAR_FOFlow1portlet_dataset_navigation=datasetCollectionDetails", "identifier": "OTTAREA"}