{"publisher": {"mbox": "info@ons.gsi.gov.uk", "name": "Office for National Statistics"}, "landingPage": "http://web.ons.gov.uk/ons/data/dataset-finder/-/q/dcDetails/Economic/PRODSE?p_auth=Fm6vhNuc&p_p_lifecycle=1&_FOFlow1_WAR_FOFlow1portlet_dataset_navigation=datasetCollectionDetails", "description": "The UK Manufacturers\u2019 Sales by Product survey (PRODCOM) is the most comprehensive annual business survey conducted by ONS covering product sales in the manufacturing industry.<br />\tIt is intended to collect product-based statistics on industrial production. Businesses are therefore asked to provide information on:<ul>\t<li>\t\tthe value (in pounds sterling or Euro) and the volume (kilograms, number of items etc.) of product sales; although the data collected is based on invoiced sales, for certain products, total production and production intended for sale are collected instead</li>\t<li>\t\tnon-manufacturing income: merchanted goods; work done; sales of waste products; all other income; and total turnover</li></ul>\tQuestionnaires are administered annually by ONS to around 21,500 UK manufacturers from a total of around 234 manufacturing and mineral extraction industries covering approximately 3,800 products and some industrial services, as specified by the&nbsp;<a href=\"http://ec.europa.eu/eurostat/en\">European Statistical Office</a>&nbsp;(Eurostat).\tFurther information on the survey can be found in the&nbsp;<a href=\"http://www.ons.gov.uk/ons/guide-method/method-quality/specific/business-and-energy/manufacturing/publications/index.html\">PRODCOM Technical Report</a><div>\tThis dataset presents the latest statistics from the UK Manufacturers' Sales by Product Survey. It provides quality measures by industry and product:</div><div>\t&nbsp;</div><div>\t<div>\t\t\u2022<span class=\"Apple-tab-span\" style=\"white-space:pre\"> </span>the value of sales for the product/industry (VALUE)</div>\t<div>\t\t\u2022<span class=\"Apple-tab-span\" style=\"white-space:pre\"> </span>the standard error of this value (STANDARD ERROR)</div>\t<div>\t\t\u2022<span class=\"Apple-tab-span\" style=\"white-space:pre\"> </span>the coefficient of variation for this standard error and value (CV)</div>\t<div>\t\t\u2022<span class=\"Apple-tab-span\" style=\"white-space:pre\"> </span>the number of enterprise groups contributing to this value (NUMEG)</div>\t<div>\t\t\u2022<span class=\"Apple-tab-span\" style=\"white-space:pre\"> </span>the total employment of these enterprise groups (EMP)</div>\t<div>\t\t&nbsp;</div></div><div>\tFurther detail on PRODCOM statistics and their interpretation can be found in our&nbsp;<a href=\"http://www.ons.gov.uk/ons/guide-method/method-quality/specific/business-and-energy/manufacturing/publications/index.html\">Technical Report</a>&nbsp;and our&nbsp;<a href=\"http://www.ons.gov.uk/ons/guide-method/method-quality/specific/business-and-energy/manufacturing/publications/index.html\">User Interpretation Manual</a></div>", "license": "http://www.nationalarchives.gov.uk/doc/open-government-licence/version/2/", "title": "PRODCOM Standard Errors", "issued": "2016-06-22", "temporal": "", "modified": "", "language": "http://id.loc.gov/vocabulary/iso639-1/en", "theme": "", "frequency": "", "references": "http://web.ons.gov.uk/ons/data/dataset-finder/-/q/dcDetails/Economic/PRODSE?p_auth=Fm6vhNuc&p_p_lifecycle=1&_FOFlow1_WAR_FOFlow1portlet_dataset_navigation=datasetCollectionDetails", "keyword": ["NACE", "2011 Statistical Geography Hierarchy", "Prodcom"], "spatial": "UK", "distribution": "http://web.ons.gov.uk/ons/data/dataset-finder/-/q/dcDetails/Economic/PRODSE?p_auth=Fm6vhNuc&p_p_lifecycle=1&_FOFlow1_WAR_FOFlow1portlet_dataset_navigation=datasetCollectionDetails", "identifier": "PRODSE"}