{"publisher": {"mbox": "info@ons.gsi.gov.uk", "name": "Office for National Statistics"}, "landingPage": "http://web.ons.gov.uk/ons/data/dataset-finder/-/q/dcDetails/Social/2012SNPP?p_auth=Fm6vhNuc&p_p_lifecycle=1&_FOFlow1_WAR_FOFlow1portlet_dataset_navigation=datasetCollectionDetails", "description": "This dataset provides figures for the resident population from mid-2012 to mid-2037, by single year of age for persons, males and females for local authorities and higher administrative areas in England.&nbsp; These are unrounded figures from the <a href=\"http://www.ons.gov.uk/ons/rel/snpp/sub-national-population-projections/2012-based-projections/index.html\">2012-based subnational population projections</a> for England.&nbsp;", "license": "http://www.nationalarchives.gov.uk/doc/open-government-licence/version/2/", "title": "Projected Population, 2012-based Subnational Population Projections", "issued": "2015-10-01", "temporal": "", "modified": "", "language": "http://id.loc.gov/vocabulary/iso639-1/en", "theme": "", "frequency": "", "references": "http://web.ons.gov.uk/ons/data/dataset-finder/-/q/dcDetails/Social/2012SNPP?p_auth=Fm6vhNuc&p_p_lifecycle=1&_FOFlow1_WAR_FOFlow1portlet_dataset_navigation=datasetCollectionDetails", "keyword": ["Age", "Sex", "2012 Administrative Hierarchy"], "spatial": "Local Authority and County", "distribution": "http://web.ons.gov.uk/ons/data/dataset-finder/-/q/dcDetails/Social/2012SNPP?p_auth=Fm6vhNuc&p_p_lifecycle=1&_FOFlow1_WAR_FOFlow1portlet_dataset_navigation=datasetCollectionDetails", "identifier": "2012SNPP"}