{"publisher": {"mbox": "info@ons.gsi.gov.uk", "name": "Office for National Statistics"}, "landingPage": "http://web.ons.gov.uk/ons/data/dataset-finder/-/q/dcDetails/Social/2014SNPPDeaths?p_auth=Fm6vhNuc&p_p_lifecycle=1&_FOFlow1_WAR_FOFlow1portlet_dataset_navigation=datasetCollectionDetails", "description": "This dataset provides projected numbers of deaths by single year of age for persons, males and females for all local authorities in England for each year from the year to mid-2014 to the year to mid-2039. These projected deaths are calculated as part of the process for producing the<a href=\"http://www.ons.gov.uk/peoplepopulationandcommunity/populationandmigration/populationprojections/bulletins/subnationalpopulationprojectionsforengland/2014basedprojections\"> 2014-based subnational population projections&nbsp; </a>for England.", "license": "http://www.nationalarchives.gov.uk/doc/open-government-licence/version/2/", "title": "Projected Deaths, 2014-based Subnational Population Projections", "issued": "2016-08-02", "temporal": "", "modified": "", "language": "http://id.loc.gov/vocabulary/iso639-1/en", "theme": "", "frequency": "", "references": "http://web.ons.gov.uk/ons/data/dataset-finder/-/q/dcDetails/Social/2014SNPPDeaths?p_auth=Fm6vhNuc&p_p_lifecycle=1&_FOFlow1_WAR_FOFlow1portlet_dataset_navigation=datasetCollectionDetails", "keyword": ["Age", "Sex", "2014 Administrative Hierarchy"], "spatial": "Local Authority and County", "distribution": "http://web.ons.gov.uk/ons/data/dataset-finder/-/q/dcDetails/Social/2014SNPPDeaths?p_auth=Fm6vhNuc&p_p_lifecycle=1&_FOFlow1_WAR_FOFlow1portlet_dataset_navigation=datasetCollectionDetails", "identifier": "2014SNPPDeaths"}