{"publisher": {"mbox": "info@ons.gsi.gov.uk", "name": "Office for National Statistics"}, "landingPage": "http://web.ons.gov.uk/ons/data/dataset-finder/-/q/dcDetails/Social/2014SNPPCCG?p_auth=Fm6vhNuc&p_p_lifecycle=1&_FOFlow1_WAR_FOFlow1portlet_dataset_navigation=datasetCollectionDetails", "description": "This dataset provides figures for the resident population from mid-2014 to mid-2039, by single year of age for persons, males and females, for clinical commissioning groups in England.&nbsp; These are unrounded figures from the <a href=\"http://www.ons.gov.uk/peoplepopulationandcommunity/populationandmigration/populationprojections/bulletins/subnationalpopulationprojectionsforengland/2014basedprojections\">2014-based subnational population projections </a>for England.", "license": "http://www.nationalarchives.gov.uk/doc/open-government-licence/version/2/", "title": "Projected Population by Clinical Commissioning Groups, 2014-based Subnational Population Projections", "issued": "2016-08-02", "temporal": "", "modified": "", "language": "http://id.loc.gov/vocabulary/iso639-1/en", "theme": "", "frequency": "", "references": "http://web.ons.gov.uk/ons/data/dataset-finder/-/q/dcDetails/Social/2014SNPPCCG?p_auth=Fm6vhNuc&p_p_lifecycle=1&_FOFlow1_WAR_FOFlow1portlet_dataset_navigation=datasetCollectionDetails", "keyword": ["Age", "Sex", "2013 Health Area Hierarchy"], "spatial": "Health Areas (CCG) and NHS Area Teams (NHSATs)", "distribution": "http://web.ons.gov.uk/ons/data/dataset-finder/-/q/dcDetails/Social/2014SNPPCCG?p_auth=Fm6vhNuc&p_p_lifecycle=1&_FOFlow1_WAR_FOFlow1portlet_dataset_navigation=datasetCollectionDetails", "identifier": "2014SNPPCCG"}