{"publisher": {"mbox": "info@ons.gsi.gov.uk", "name": "Office for National Statistics"}, "landingPage": "http://web.ons.gov.uk/ons/data/dataset-finder/-/q/dcDetails/Economic/RegGVA01?p_auth=Fm6vhNuc&p_p_lifecycle=1&_FOFlow1_WAR_FOFlow1portlet_dataset_navigation=datasetCollectionDetails", "description": "Gross Value Added (GVA) is a measure of the increase in the value of the economy due to the production of goods and services. It is measured at current basic prices, which include the effect of inflation, excluding taxes (less subsidies) on products (for example, Value Added Tax). GVA plus taxes (less subsidies) on products is equivalent to Gross Domestic Product (GDP).\tThese regional estimates of GVA are measured using the income approach, which involves adding up the income generated by resident individuals or corporations in the production of goods and services.", "license": "http://www.nationalarchives.gov.uk/doc/open-government-licence/version/2/", "title": "Regional Gross Value Added by Component and Industry", "issued": "2016-07-15", "temporal": "", "modified": "", "language": "http://id.loc.gov/vocabulary/iso639-1/en", "theme": "", "frequency": "", "references": "http://web.ons.gov.uk/ons/data/dataset-finder/-/q/dcDetails/Economic/RegGVA01?p_auth=Fm6vhNuc&p_p_lifecycle=1&_FOFlow1_WAR_FOFlow1portlet_dataset_navigation=datasetCollectionDetails", "keyword": ["Industry", "2015 NUTS"], "spatial": "UK", "distribution": "http://web.ons.gov.uk/ons/data/dataset-finder/-/q/dcDetails/Economic/RegGVA01?p_auth=Fm6vhNuc&p_p_lifecycle=1&_FOFlow1_WAR_FOFlow1portlet_dataset_navigation=datasetCollectionDetails", "identifier": "RegGVA01"}