{"publisher": {"mbox": "info@ons.gsi.gov.uk", "name": "Office for National Statistics"}, "landingPage": "http://web.ons.gov.uk/ons/data/dataset-finder/-/q/dcDetails/Economic/RGDHI02?p_auth=Fm6vhNuc&p_p_lifecycle=1&_FOFlow1_WAR_FOFlow1portlet_dataset_navigation=datasetCollectionDetails", "description": "GDHI is the amount of money individuals in the household sector have available for spending or saving. This is money left over after expenditure associated with income, for example taxes, social contributions, property ownership and provision for future pension income. It should be noted that these estimates relate to totals for all individuals within the household sector for a region rather than to an actual average household or family unit. GDHI per head estimates give values for each person, not each household.", "license": "http://www.nationalarchives.gov.uk/doc/open-government-licence/version/2/", "title": "Regional Gross Disposable Household Income Per Head Indices", "issued": "2016-05-25", "temporal": "", "modified": "", "language": "http://id.loc.gov/vocabulary/iso639-1/en", "theme": "", "frequency": "", "references": "http://web.ons.gov.uk/ons/data/dataset-finder/-/q/dcDetails/Economic/RGDHI02?p_auth=Fm6vhNuc&p_p_lifecycle=1&_FOFlow1_WAR_FOFlow1portlet_dataset_navigation=datasetCollectionDetails", "keyword": ["2015 NUTS"], "spatial": "UK", "distribution": "http://web.ons.gov.uk/ons/data/dataset-finder/-/q/dcDetails/Economic/RGDHI02?p_auth=Fm6vhNuc&p_p_lifecycle=1&_FOFlow1_WAR_FOFlow1portlet_dataset_navigation=datasetCollectionDetails", "identifier": "RGDHI02"}