{"publisher": {"mbox": "info@ons.gsi.gov.uk", "name": "Office for National Statistics"}, "landingPage": "http://web.ons.gov.uk/ons/data/dataset-finder/-/q/dcDetails/Economic/RSIINT?p_auth=Fm6vhNuc&p_p_lifecycle=1&_FOFlow1_WAR_FOFlow1portlet_dataset_navigation=datasetCollectionDetails", "description": "Internet sales statistics and measure the value of Internet Sales of British retailers on a monthly basis. They are released as part of the Retail Sales Index, a key economic indicator used to estimate consumer spending on retail goods and the outputs of the retail sector.\tInternet sales statistics provide an insight into the performance of the Internet arm of the retail sector. These statistics provide an estimate of the value of Internet sales in seasonally and non-seasonally adjusted form.\tInternet sales statistics cover the whole of the retail industry as such data is available on the Internet sales of for example department stores and supermarkets. In contrast to this Non-store retailing is a subset of the retail industry and includes only those retailers that sell predominantly online or through mail order.", "license": "http://www.nationalarchives.gov.uk/doc/open-government-licence/version/2/", "title": "RSI Internet Sales", "issued": "2016-09-15", "temporal": "", "modified": "", "language": "http://id.loc.gov/vocabulary/iso639-1/en", "theme": "", "frequency": "", "references": "http://web.ons.gov.uk/ons/data/dataset-finder/-/q/dcDetails/Economic/RSIINT?p_auth=Fm6vhNuc&p_p_lifecycle=1&_FOFlow1_WAR_FOFlow1portlet_dataset_navigation=datasetCollectionDetails", "keyword": ["RSI Industry", "Seasonal adjustment", "Series Type", "2011 Statistical Geography Hierarchy"], "spatial": "GB", "distribution": "http://web.ons.gov.uk/ons/data/dataset-finder/-/q/dcDetails/Economic/RSIINT?p_auth=Fm6vhNuc&p_p_lifecycle=1&_FOFlow1_WAR_FOFlow1portlet_dataset_navigation=datasetCollectionDetails", "identifier": "RSIINT"}