{"publisher": {"mbox": "info@ons.gsi.gov.uk", "name": "Office for National Statistics"}, "landingPage": "http://web.ons.gov.uk/ons/data/dataset-finder/-/q/dcDetails/Social/SAPEDE?p_auth=Fm6vhNuc&p_p_lifecycle=1&_FOFlow1_WAR_FOFlow1portlet_dataset_navigation=datasetCollectionDetails", "description": "Note: The 2014 and revised 2013 datasets were released on 25 November 2015.\tThis dataset provides the mid-year population estimates for the small areas (Output Areas and Super Output Areas) in England and Wales, for mid-2002 to mid-2014. The estimates can also be constituted to other areas such as health geographies. The dataset contains estimates by sex and single year of age for each area. Further information on these estimates is available on the release page.", "license": "http://www.nationalarchives.gov.uk/doc/open-government-licence/version/2/", "title": "Small Area Population Estimates", "issued": "2016-06-08", "temporal": "", "modified": "", "language": "http://id.loc.gov/vocabulary/iso639-1/en", "theme": "", "frequency": "", "references": "http://web.ons.gov.uk/ons/data/dataset-finder/-/q/dcDetails/Social/SAPEDE?p_auth=Fm6vhNuc&p_p_lifecycle=1&_FOFlow1_WAR_FOFlow1portlet_dataset_navigation=datasetCollectionDetails", "keyword": ["Age", "Sex", "2011 Statistical Geography Hierarchy"], "spatial": "UK", "distribution": "http://web.ons.gov.uk/ons/data/dataset-finder/-/q/dcDetails/Social/SAPEDE?p_auth=Fm6vhNuc&p_p_lifecycle=1&_FOFlow1_WAR_FOFlow1portlet_dataset_navigation=datasetCollectionDetails", "identifier": "SAPEDE"}