{"publisher": {"mbox": "info@ons.gsi.gov.uk", "name": "Office for National Statistics"}, "landingPage": "http://web.ons.gov.uk/ons/data/dataset-finder/-/q/dcDetails/Economic/PRODPROD?p_auth=Fm6vhNuc&p_p_lifecycle=1&_FOFlow1_WAR_FOFlow1portlet_dataset_navigation=datasetCollectionDetails", "description": "The UK Manufacturers\u00e2\u0080\u0099 Sales by Product survey (PRODCOM) is the most comprehensive annual business survey conducted by ONS covering product sales in the manufacturing industry.<br />\tIt is intended to collect product-based statistics on industrial production. Businesses are therefore asked to provide information on:<ul>\t<li>\t\tthe value (in pounds sterling or Euro) and the volume (kilograms, number of items etc.) of product sales; although the data collected is based on invoiced sales, for certain products, total production and production intended for sale are collected instead</li>\t<li>\t\tnon-manufacturing income: merchanted goods; work done; sales of waste products; all other income; and total turnover</li></ul>\tQuestionnaires are administered annually by ONS to around 21,500 UK manufacturers from a total of around 234 manufacturing and mineral extraction industries covering approximately 3,800 products and some industrial services, as specified by the <a href=\"http://ec.europa.eu/eurostat/en\">European Statistical Office</a> (Eurostat).\tFurther information on the survey can be found in the <a href=\"http://www.ons.gov.uk/ons/guide-method/method-quality/specific/business-and-energy/manufacturing/publications/index.html\">PRODCOM Technical Report</a>\tThis dataset presents the latest statistics from the UK Manufacturers' Sales by Product Survey. It provides:<ul>\t<li>\t\tvalue and volume estimates of manufacturers\u00e2\u0080\u0099 sales by 8-digit product code from businesses based in the UK</li>\t<li>\t\ta derived unit value</li>\t<li>\t\ttotal values by 2-digit industrial division of UK SIC 2007/Nace Rev 2.</li></ul>\tFurther detail on PRODCOM statistics and their interpretation can be found in our&nbsp;<a href=\"http://www.ons.gov.uk/ons/guide-method/method-quality/specific/business-and-energy/manufacturing/publications/index.html\">Technical Report</a>&nbsp;and our&nbsp;<a href=\"http://www.ons.gov.uk/ons/guide-method/method-quality/specific/business-and-energy/manufacturing/publications/index.html\">User Interpretation Manual</a>", "license": "http://www.nationalarchives.gov.uk/doc/open-government-licence/version/2/", "title": "UK Manufacturers' Sales By Product Survey - Product Breakdown", "issued": "2016-06-22", "temporal": "", "modified": "", "language": "http://id.loc.gov/vocabulary/iso639-1/en", "theme": "", "frequency": "", "references": "http://web.ons.gov.uk/ons/data/dataset-finder/-/q/dcDetails/Economic/PRODPROD?p_auth=Fm6vhNuc&p_p_lifecycle=1&_FOFlow1_WAR_FOFlow1portlet_dataset_navigation=datasetCollectionDetails", "keyword": ["Industry", "2011 Statistical Geography Hierarchy", "Prodcom"], "spatial": "UK", "distribution": "http://web.ons.gov.uk/ons/data/dataset-finder/-/q/dcDetails/Economic/PRODPROD?p_auth=Fm6vhNuc&p_p_lifecycle=1&_FOFlow1_WAR_FOFlow1portlet_dataset_navigation=datasetCollectionDetails", "identifier": "PRODPROD"}