{"publisher": {"mbox": "info@ons.gsi.gov.uk", "name": "Office for National Statistics"}, "landingPage": "http://web.ons.gov.uk/ons/data/dataset-finder/-/q/dcDetails/Economic/PRODIND?p_auth=Fm6vhNuc&p_p_lifecycle=1&_FOFlow1_WAR_FOFlow1portlet_dataset_navigation=datasetCollectionDetails", "description": "The UK Manufacturers\u00e2\u0080\u0099 Sales by Product survey (PRODCOM) is the most comprehensive annual business survey conducted by ONS covering product sales in the manufacturing industry.<br />\tIt is intended to collect product-based statistics on industrial production. Businesses are therefore asked to provide information on:<ul>\t<li>\t\tthe value (in pounds sterling or Euro) and the volume (kilograms, number of items etc.) of product sales; although the data collected is based on invoiced sales, for certain products, total production and production intended for sale are collected instead</li>\t<li>\t\tnon-manufacturing income: merchanted goods; work done; sales of waste products; all other income; and total turnover</li></ul>\tQuestionnaires are administered annually by ONS to around 21,500 UK manufacturers from a total of around 234 manufacturing and mineral extraction industries covering approximately 3,800 products and some industrial services, as specified by the&nbsp;<a href=\"http://ec.europa.eu/eurostat/en\">European Statistical Office</a>&nbsp;(Eurostat).\tFurther information on the survey can be found in the&nbsp;<a href=\"http://www.ons.gov.uk/ons/guide-method/method-quality/specific/business-and-energy/manufacturing/publications/index.html\">PRODCOM Technical Report</a><div>\tThis dataset presents the latest statistics from the UK Manufacturers' Sales by Product Survey. It provides:</div><ul>\t<li>\t\testimates of UK manufacturers\u00e2\u0080\u0099 sales of products classified to each 4 digit industry code of UK SIC 2007 from the manufacturing sector</li>\t<li>\t\testimates of non production income and total turnover done by business classified to these industries.</li>\t<li>\t\ttotals by 2-digit industrial division of UK SIC 2007/Nace Rev&nbsp;</li></ul><div>\tFurther detail on PRODCOM statistics and their interpretation can be found in our <a href=\"http://www.ons.gov.uk/ons/guide-method/method-quality/specific/business-and-energy/manufacturing/publications/index.html\">Technical Report</a>&nbsp;and our <a href=\"http://www.ons.gov.uk/ons/guide-method/method-quality/specific/business-and-energy/manufacturing/publications/index.html\">User Interpretation Manual</a></div>", "license": "http://www.nationalarchives.gov.uk/doc/open-government-licence/version/2/", "title": "UK Manufacturers' Sales By Product Survey - Industry Breakdown", "issued": "2016-06-22", "temporal": "", "modified": "", "language": "http://id.loc.gov/vocabulary/iso639-1/en", "theme": "", "frequency": "", "references": "http://web.ons.gov.uk/ons/data/dataset-finder/-/q/dcDetails/Economic/PRODIND?p_auth=Fm6vhNuc&p_p_lifecycle=1&_FOFlow1_WAR_FOFlow1portlet_dataset_navigation=datasetCollectionDetails", "keyword": ["NACE", "2011 Statistical Geography Hierarchy", "Prodcom"], "spatial": "UK", "distribution": "http://web.ons.gov.uk/ons/data/dataset-finder/-/q/dcDetails/Economic/PRODIND?p_auth=Fm6vhNuc&p_p_lifecycle=1&_FOFlow1_WAR_FOFlow1portlet_dataset_navigation=datasetCollectionDetails", "identifier": "PRODIND"}