{"publisher": {"mbox": "info@ons.gsi.gov.uk", "name": "Office for National Statistics"}, "landingPage": "http://web.ons.gov.uk/ons/data/dataset-finder/-/q/dcDetails/Economic/PRODCOM01?p_auth=Fm6vhNuc&p_p_lifecycle=1&_FOFlow1_WAR_FOFlow1portlet_dataset_navigation=datasetCollectionDetails", "description": "This Dataset presents the latest statistics for the value and volumes of manufacturers\u2019 product sales in the UK. It provides estimates of manufacturers\u2019 sales by product, from businesses based in the UK. These statistics are commonly referred to as PRODCOM, from the French \u2018PRODuction COMmunautaire\u2019 (Community Production). In the UK, these were formally known as the Products of the European Community (PRODCOM) Survey.\tPRODCOM Surveys are carried out annually by all EU member states, under EU regulation, to enable comparison and, where possible, produce a picture of emerging developments of an industry or product in a European context; the latest data for all EU members can be found on the Eurostat website.", "license": "http://www.nationalarchives.gov.uk/doc/open-government-licence/version/2/", "title": "UK Manufacturers\u2019 Sales by Product", "issued": "2015-06-25", "temporal": "", "modified": "", "language": "http://id.loc.gov/vocabulary/iso639-1/en", "theme": "", "frequency": "", "references": "http://web.ons.gov.uk/ons/data/dataset-finder/-/q/dcDetails/Economic/PRODCOM01?p_auth=Fm6vhNuc&p_p_lifecycle=1&_FOFlow1_WAR_FOFlow1portlet_dataset_navigation=datasetCollectionDetails", "keyword": ["SIC07", "2011 Statistical Geography Hierarchy", "Prodcom"], "spatial": "UK", "distribution": "http://web.ons.gov.uk/ons/data/dataset-finder/-/q/dcDetails/Economic/PRODCOM01?p_auth=Fm6vhNuc&p_p_lifecycle=1&_FOFlow1_WAR_FOFlow1portlet_dataset_navigation=datasetCollectionDetails", "identifier": "PRODCOM01"}