{"publisher": {"mbox": "info@ons.gsi.gov.uk", "name": "Office for National Statistics"}, "landingPage": "http://web.ons.gov.uk/ons/data/dataset-finder/-/q/dcDetails/Economic/UKBAD01?p_auth=Fm6vhNuc&p_p_lifecycle=1&_FOFlow1_WAR_FOFlow1portlet_dataset_navigation=datasetCollectionDetails", "description": "This dataset is compiled from the Inter Departmental Business Register (IDBR) which contains information on VAT traders and PAYE employers in a statistical register. The dataset contains data on enterprise/local units, which are broken down by employment size band with local authority districts of GB (including UK totals).\tKey figures are released in a statistical bulletin.", "license": "http://www.nationalarchives.gov.uk/doc/open-government-licence/version/3/", "title": "Enterprise/local units by Employment size band and GB Local Authority Districts (including UK total)", "issued": "2015-10-06", "temporal": "", "modified": "", "language": "http://id.loc.gov/vocabulary/iso639-1/en", "theme": "", "frequency": "", "references": "http://web.ons.gov.uk/ons/data/dataset-finder/-/q/dcDetails/Economic/UKBAD01?p_auth=Fm6vhNuc&p_p_lifecycle=1&_FOFlow1_WAR_FOFlow1portlet_dataset_navigation=datasetCollectionDetails", "keyword": ["Employment size band", "2013 Administrative Hierarchy"], "spatial": "Local Authority", "distribution": "http://web.ons.gov.uk/ons/data/dataset-finder/-/q/dcDetails/Economic/UKBAD01?p_auth=Fm6vhNuc&p_p_lifecycle=1&_FOFlow1_WAR_FOFlow1portlet_dataset_navigation=datasetCollectionDetails", "identifier": "UKBAD01"}