{"publisher": {"mbox": "info@ons.gsi.gov.uk", "name": "Office for National Statistics"}, "landingPage": "http://web.ons.gov.uk/ons/data/dataset-finder/-/q/dcDetails/Economic/UKBAF03?p_auth=Fm6vhNuc&p_p_lifecycle=1&_FOFlow1_WAR_FOFlow1portlet_dataset_navigation=datasetCollectionDetails", "description": "This dataset is compiled from the Inter Departmental Business Register (IDBR) which contains information on VAT traders and PAYE employers in a statistical register. The dataset contains data on enterprises which are broken down by parliamentary constituencies of the UK with turnover size bands.<br />\tKey figures are released in a statistical bulletin.", "license": "http://www.nationalarchives.gov.uk/doc/open-government-licence/version/3/", "title": "Enterprise by Turnover size band and Parliamentary Constituency", "issued": "2015-10-06", "temporal": "", "modified": "", "language": "http://id.loc.gov/vocabulary/iso639-1/en", "theme": "", "frequency": "", "references": "http://web.ons.gov.uk/ons/data/dataset-finder/-/q/dcDetails/Economic/UKBAF03?p_auth=Fm6vhNuc&p_p_lifecycle=1&_FOFlow1_WAR_FOFlow1portlet_dataset_navigation=datasetCollectionDetails", "keyword": ["Turnover size band", "2011 Statistical Geography Hierarchy"], "spatial": "Parliamentary Constituency", "distribution": "http://web.ons.gov.uk/ons/data/dataset-finder/-/q/dcDetails/Economic/UKBAF03?p_auth=Fm6vhNuc&p_p_lifecycle=1&_FOFlow1_WAR_FOFlow1portlet_dataset_navigation=datasetCollectionDetails", "identifier": "UKBAF03"}