{"publisher": {"mbox": "info@ons.gsi.gov.uk", "name": "Office for National Statistics"}, "landingPage": "http://web.ons.gov.uk/ons/data/dataset-finder/-/q/dcDetails/Economic/UKBAA02?p_auth=Fm6vhNuc&p_p_lifecycle=1&_FOFlow1_WAR_FOFlow1portlet_dataset_navigation=datasetCollectionDetails", "description": "This dataset is compiled from the Inter Departmental Business Register (IDBR) which contains information on VAT traders and PAYE employers in a statistical register. The dataset contains data on enterprise/local units in Northern Ireland local authority districts, which are broken down by Broad Industry Group.\tKey figures are released in a statistical bulletin.", "license": "http://www.nationalarchives.gov.uk/doc/open-government-licence/version/3/", "title": "Enterprise/local units by Industry and Northern Ireland Local Authority Districts", "issued": "2015-10-06", "temporal": "", "modified": "", "language": "http://id.loc.gov/vocabulary/iso639-1/en", "theme": "", "frequency": "", "references": "http://web.ons.gov.uk/ons/data/dataset-finder/-/q/dcDetails/Economic/UKBAA02?p_auth=Fm6vhNuc&p_p_lifecycle=1&_FOFlow1_WAR_FOFlow1portlet_dataset_navigation=datasetCollectionDetails", "keyword": ["SIC07", "2011 Statistical Geography Hierarchy"], "spatial": "Local Authority", "distribution": "http://web.ons.gov.uk/ons/data/dataset-finder/-/q/dcDetails/Economic/UKBAA02?p_auth=Fm6vhNuc&p_p_lifecycle=1&_FOFlow1_WAR_FOFlow1portlet_dataset_navigation=datasetCollectionDetails", "identifier": "UKBAA02"}