{"publisher": {"mbox": "info@ons.gsi.gov.uk", "name": "Office for National Statistics"}, "landingPage": "http://web.ons.gov.uk/ons/data/dataset-finder/-/q/dcDetails/Economic/A02Rate?p_auth=Fm6vhNuc&p_p_lifecycle=1&_FOFlow1_WAR_FOFlow1portlet_dataset_navigation=datasetCollectionDetails", "description": "The Labour Force Survey (LFS) is a survey of the population of private households, student halls of residence and NHS accommodation.\tEverybody aged 16 or over is either employed, unemployed or economically inactive. The employment estimates include all people in work including those working part-time. People not working are classed as unemployed if they have been looking for work within the last 4 weeks and are able to start work within the next 2 weeks. A common misconception is that the unemployment statistics are a count of people on benefits; this is not the case as they include unemployed people not claiming benefits.\tJobless people who have not been looking for work within the last 4 weeks or who are unable to start work within the next 2 weeks are classed as economically inactive. Examples of economically inactive people include people not looking for work because they are students, looking after the family or home, because of illness or disability or because they have retired.", "license": "http://www.nationalarchives.gov.uk/doc/open-government-licence/version/3/", "title": "Labour Force Survey Summary Rates (Explorable Dataset)", "issued": "2016-09-14", "temporal": "", "modified": "", "language": "http://id.loc.gov/vocabulary/iso639-1/en", "theme": "", "frequency": "", "references": "http://web.ons.gov.uk/ons/data/dataset-finder/-/q/dcDetails/Economic/A02Rate?p_auth=Fm6vhNuc&p_p_lifecycle=1&_FOFlow1_WAR_FOFlow1portlet_dataset_navigation=datasetCollectionDetails", "keyword": ["Age", "Economic Status", "Seasonal Adjustment", "Sex", "2011 Statistical Geography Hierarchy"], "spatial": "UK", "distribution": "http://web.ons.gov.uk/ons/data/dataset-finder/-/q/dcDetails/Economic/A02Rate?p_auth=Fm6vhNuc&p_p_lifecycle=1&_FOFlow1_WAR_FOFlow1portlet_dataset_navigation=datasetCollectionDetails", "identifier": "A02Rate"}