{"publisher": {"mbox": "info@ons.gsi.gov.uk", "name": "Office for National Statistics"}, "landingPage": "http://web.ons.gov.uk/ons/data/dataset-finder/-/q/dcDetails/Social/MARRAREA?p_auth=Fm6vhNuc&p_p_lifecycle=1&_FOFlow1_WAR_FOFlow1portlet_dataset_navigation=datasetCollectionDetails", "description": "Presents provisional data on marriages taking place in England and Wales.\tFurther data on Marriages in England and Wales are available on the ONS website. Marriages data before 2007 are available in the annual reference volume <a href=\"http://www.ons.gov.uk/ons/rel/vsob1/marriage--divorce-and-adoption-statistics--england-and-wales--series-fm2-/index.html\">Marriage, Divorce and Adoption Statistics (Series FM2)</a>. The data years available include 1999 - 2007.\tThe <a href=\"http://www.ons.gov.uk/ons/rel/vsob1/vital-statistics--population-and-health-reference-tables/index.html\">Vital Statistics: Population and Health Reference Tables</a> provide annual marriage data for the United Kingdom and its constituent countries.\tFor information on data quality, legislation and procedures relating to marriage statistics, please see&nbsp;<a href=\"http://www.ons.gov.uk/ons/guide-method/user-guidance/health-and-life-events/marriages-2012.pdf\">Marriages Metadata</a>&nbsp;(420.6 Kb Pdf)&nbsp;and&nbsp;<a href=\"http://www.ons.gov.uk/ons/guide-method/method-quality/quality/quality-information/health-and-social-care/quality-and-methodology-information-for-marriages-in-england-and-wales.pdf\">Quality and Methodology Information</a>&nbsp;(214.1 Kb Pdf)&nbsp;.\tFor data for other UK countries please see the latest <a href=\"http://www.gro-scotland.gov.uk/statistics-and-data/statistics/statistics-by-theme/vital-events/marriages-and-civil-partnerships\">marriage statistics for Scotland</a> and the latest <a href=\"http://www.nisra.gov.uk/demography/default.asp11.htm\">marriage statistics for Northern Ireland</a>.\tWe welcome feedback on the content, format and relevance of this release.", "license": "http://www.nationalarchives.gov.uk/doc/open-government-licence/version/3/", "title": "Marriages in England and Wales by Area", "issued": "2015-08-28", "temporal": "", "modified": "", "language": "http://id.loc.gov/vocabulary/iso639-1/en", "theme": "", "frequency": "", "references": "http://web.ons.gov.uk/ons/data/dataset-finder/-/q/dcDetails/Social/MARRAREA?p_auth=Fm6vhNuc&p_p_lifecycle=1&_FOFlow1_WAR_FOFlow1portlet_dataset_navigation=datasetCollectionDetails", "keyword": ["Age Of Bride", "Age of Groom", "Approved Premise", "Ceremony Type", "Marriage", "2011 Administrative Hierarchy"], "spatial": "England and Wales", "distribution": "http://web.ons.gov.uk/ons/data/dataset-finder/-/q/dcDetails/Social/MARRAREA?p_auth=Fm6vhNuc&p_p_lifecycle=1&_FOFlow1_WAR_FOFlow1portlet_dataset_navigation=datasetCollectionDetails", "identifier": "MARRAREA"}