{"publisher": {"mbox": "info@ons.gsi.gov.uk", "name": "Office for National Statistics"}, "landingPage": "http://web.ons.gov.uk/ons/data/dataset-finder/-/q/dcDetails/Economic/OPSSM01?p_auth=Fm6vhNuc&p_p_lifecycle=1&_FOFlow1_WAR_FOFlow1portlet_dataset_navigation=datasetCollectionDetails", "description": "The dataset shows the membership estimates from the Occupational Pension Schemes Survey (OPSS). This is&nbsp;an annual survey of occupational (trust -based) pension schemes in the public and private sectors.\tThe survey does not cover state pension provision, where entitlements to the basic and additional state pensions are built up through payment of National Insurance contributions.\tThe OPSS does not cover personal pensions. This exclusion extends to workplace personal pensions such as group personal pensions (GPPs).\tKey figures are released in a <a href=\"http://www.ons.gov.uk/peoplepopulationandcommunity/personalandhouseholdfinances/pensionssavingsandinvestments/bulletins/occupationalpensionschemessurvey/previousReleases\">statistical bulletin</a>. &nbsp;Users of this information should refer to the statistical bulletin reference tables for information relating to the comparability of data over time.", "license": "http://www.nationalarchives.gov.uk/doc/open-government-licence/version/3/", "title": "Occupational Pension Schemes - Membership", "issued": "2016-09-22", "temporal": "", "modified": "", "language": "http://id.loc.gov/vocabulary/iso639-1/en", "theme": "", "frequency": "", "references": "http://web.ons.gov.uk/ons/data/dataset-finder/-/q/dcDetails/Economic/OPSSM01?p_auth=Fm6vhNuc&p_p_lifecycle=1&_FOFlow1_WAR_FOFlow1portlet_dataset_navigation=datasetCollectionDetails", "keyword": ["Benefit type", "Scheme Membership Size Band", "2011 Statistical Geography Hierarchy", "Public Sector", "Private Sector"], "spatial": "UK", "distribution": "http://web.ons.gov.uk/ons/data/dataset-finder/-/q/dcDetails/Economic/OPSSM01?p_auth=Fm6vhNuc&p_p_lifecycle=1&_FOFlow1_WAR_FOFlow1portlet_dataset_navigation=datasetCollectionDetails", "identifier": "OPSSM01"}