{"publisher": {"mbox": "info@ons.gsi.gov.uk", "name": "Office for National Statistics"}, "landingPage": "http://web.ons.gov.uk/ons/data/dataset-finder/-/q/dcDetails/Social/MYEDE?p_auth=Fm6vhNuc&p_p_lifecycle=1&_FOFlow1_WAR_FOFlow1portlet_dataset_navigation=datasetCollectionDetails", "description": "This dataset provides the mid-year population estimates for the UK and its constituent countries and local authorities, and for regions in England, for mid-2002 to mid-2013. &nbsp;It contains estimates by sex and single year of age for each area. Further information on these estimates is available on the release page.", "license": "http://www.nationalarchives.gov.uk/doc/open-government-licence/version/3/", "title": "Population Estimates for High Level Areas", "issued": "2015-06-30", "temporal": "", "modified": "", "language": "http://id.loc.gov/vocabulary/iso639-1/en", "theme": "", "frequency": "", "references": "http://web.ons.gov.uk/ons/data/dataset-finder/-/q/dcDetails/Social/MYEDE?p_auth=Fm6vhNuc&p_p_lifecycle=1&_FOFlow1_WAR_FOFlow1portlet_dataset_navigation=datasetCollectionDetails", "keyword": ["Age", "Sex", "2011 Statistical Geography Hierarchy"], "spatial": "UK", "distribution": "http://web.ons.gov.uk/ons/data/dataset-finder/-/q/dcDetails/Social/MYEDE?p_auth=Fm6vhNuc&p_p_lifecycle=1&_FOFlow1_WAR_FOFlow1portlet_dataset_navigation=datasetCollectionDetails", "identifier": "MYEDE"}