{"publisher": {"mbox": "info@ons.gsi.gov.uk", "name": "Office for National Statistics"}, "landingPage": "http://web.ons.gov.uk/ons/data/dataset-finder/-/q/dcDetails/Economic/RSI?p_auth=Fm6vhNuc&p_p_lifecycle=1&_FOFlow1_WAR_FOFlow1portlet_dataset_navigation=datasetCollectionDetails", "description": "The Retail Sales Index (RSI) is derived from a monthly survey of 5,000 businesses in Great Britain. The sample represents the whole retail sector and includes the 900 largest retailers and a representative panel of smaller businesses. Collectively all of these businesses cover approximately 90 per cent of the retail industry in terms of turnover.\tThe monthly survey collects two figures from each sampled business: the total turnover for retail sales for the standard trading period, and a separate figure for sales made over the Internet. The total turnover will include Internet sales. The separation of the Internet sales figure allows an estimate relating to Internet sales to be calculated separately.", "license": "http://www.nationalarchives.gov.uk/doc/open-government-licence/version/3/", "title": "Retail Sales", "issued": "2016-09-15", "temporal": "", "modified": "", "language": "http://id.loc.gov/vocabulary/iso639-1/en", "theme": "", "frequency": "", "references": "http://web.ons.gov.uk/ons/data/dataset-finder/-/q/dcDetails/Economic/RSI?p_auth=Fm6vhNuc&p_p_lifecycle=1&_FOFlow1_WAR_FOFlow1portlet_dataset_navigation=datasetCollectionDetails", "keyword": ["Prices", "RSI Industry", "RSI Series type", "Seasonal adjustment", "Series Type", "2011 Statistical Geography Hierarchy"], "spatial": "GB", "distribution": "http://web.ons.gov.uk/ons/data/dataset-finder/-/q/dcDetails/Economic/RSI?p_auth=Fm6vhNuc&p_p_lifecycle=1&_FOFlow1_WAR_FOFlow1portlet_dataset_navigation=datasetCollectionDetails", "identifier": "RSI"}