{"publisher": {"mbox": "info@ons.gsi.gov.uk", "name": "Office for National Statistics"}, "landingPage": "http://web.ons.gov.uk/ons/data/dataset-finder/-/q/dcDetails/Economic/HTYPKP?p_auth=Fm6vhNuc&p_p_lifecycle=1&_FOFlow1_WAR_FOFlow1portlet_dataset_navigation=datasetCollectionDetails", "description": "Examines how taxes and benefits redistribute income between various groups of households in the UK. The study shows where different types of households and individuals are in the income distribution and looks at the changing levels of income inequality over time.", "license": "http://www.nationalarchives.gov.uk/doc/open-government-licence/version/3/", "title": "Summary of the effects of taxes and benefits, in 2013/14 prices", "issued": "2016-02-24", "temporal": "", "modified": "", "language": "http://id.loc.gov/vocabulary/iso639-1/en", "theme": "", "frequency": "", "references": "http://web.ons.gov.uk/ons/data/dataset-finder/-/q/dcDetails/Economic/HTYPKP?p_auth=Fm6vhNuc&p_p_lifecycle=1&_FOFlow1_WAR_FOFlow1portlet_dataset_navigation=datasetCollectionDetails", "keyword": ["Household Type", "Income", "2011 Statistical Geography Hierarchy"], "spatial": "UK", "distribution": "http://web.ons.gov.uk/ons/data/dataset-finder/-/q/dcDetails/Economic/HTYPKP?p_auth=Fm6vhNuc&p_p_lifecycle=1&_FOFlow1_WAR_FOFlow1portlet_dataset_navigation=datasetCollectionDetails", "identifier": "HTYPKP"}