{"publisher": {"mbox": "info@ons.gsi.gov.uk", "name": "Office for National Statistics"}, "landingPage": "http://web.ons.gov.uk/ons/data/dataset-finder/-/q/dcDetails/Economic/JOBS2?p_auth=Fm6vhNuc&p_p_lifecycle=1&_FOFlow1_WAR_FOFlow1portlet_dataset_navigation=datasetCollectionDetails", "description": "Individual tables by Industry for Workforce Jobs, Employee Jobs and Self Employed Jobs, Seasonally Adjusted and Non-Seasonally Adjusted. Sources: Employer Surveys, Labour Force Survey and Administrative Sources.\t&nbsp;<div>\tWFJ SA &amp; NSA - Revised Q12016, Provisional Q22016</div><div>\t<br />\tEJ SA &amp; NSA - Revised Q12016, Provisional Q22016</div><div>\t<br />\tSEJ SA only - Revised Q12016, Provisional Q22016</div>", "license": "http://www.nationalarchives.gov.uk/doc/open-government-licence/version/3/", "title": "Workforce Jobs by Industry", "issued": "2016-09-14", "temporal": "", "modified": "", "language": "http://id.loc.gov/vocabulary/iso639-1/en", "theme": "", "frequency": "", "references": "http://web.ons.gov.uk/ons/data/dataset-finder/-/q/dcDetails/Economic/JOBS2?p_auth=Fm6vhNuc&p_p_lifecycle=1&_FOFlow1_WAR_FOFlow1portlet_dataset_navigation=datasetCollectionDetails", "keyword": ["Industry", "Seasonality", "2011 Statistical Geography Hierarchy"], "spatial": "UK", "distribution": "http://web.ons.gov.uk/ons/data/dataset-finder/-/q/dcDetails/Economic/JOBS2?p_auth=Fm6vhNuc&p_p_lifecycle=1&_FOFlow1_WAR_FOFlow1portlet_dataset_navigation=datasetCollectionDetails", "identifier": "JOBS2"}